[
  {
    "month" : "January",
    "events": {
      "rugby": [],
      "misc" : [],
      "music" : [],
      "football": [
        {
          "date": "17",
          "time": "19:45 - 21:45",
          "desc": "Man Utd vs Liverpool",
          "venue": "Old Trafford",
          "extra": "Europa League"
        }
      ],
      "cricket": [],
      "horse-racing": []
    }
  },
  {
    "month" : "February",
    "events": {
      "rugby": [],
      "misc" : [],
      "music" : [],
      "football": [
        {
          "date": "17",
          "time": "19:45 - 21:45",
          "desc": "Man Utd vs Liverpool",
          "venue": "Old Trafford",
          "extra": "Europa League"
        }
      ],
      "cricket": [],
      "horse-racing": []
    }
  },
  {
    "month" : "March",
    "events": {
      "rugby": [{
        "date": "26",
        "time": "19:45 - 21:45",
        "desc": "Wigan vs St Helens",
        "venue": "DW Stadium",
        "extra": "Super League"
      },
        {
          "date": "27",
          "time": "19:30 - 21:30",
          "desc": "Leigh Centurions vs Salford Red Devils",
          "venue": "Leigh Sports Village",
          "extra": "Super League"
        }],
      "misc" : [],
      "music" : [],
      "football": [
        {
          "date": "16",
          "time": "19:45 - 21:45",
          "desc": "Man Utd vs Liverpool",
          "venue": "Old Trafford",
          "extra": "Europa League"
        },
        {
          "date": "30",
          "time": "17:30 - 19:30",
          "desc": "Arsenal vs Man City",
          "venue": "Etihad Stadium",
          "extra": "Premiership"
        },
        {
          "date": "28",
          "time": "12:30 - 14:00",
          "desc": "West ham vs Chelsea",
          "venue": "Stamford Bridge",
          "extra": "Premiership"
        },
        {
          "date": "26",
          "time": "15:00 - 17:45",
          "desc": "Man Utd vs Liverpool",
          "venue": "Old Trafford",
          "extra": "Premiership"
        }
      ],
      "cricket": [{
        "date": "30",
        "time": "19:45 - 21:45",
        "desc": "Lancashire vs Yorkshire",
        "venue": "Old Trafford",
        "extra": "County League"
      }],
      "horse-racing": [{
        "date": "28",
        "time": "10:00 - 21:30",
        "desc": "Cheltenham Festival",
        "venue": "Cheltenham"
      }]
    }
  },
  {
    "month" : "April",
    "events": {
      "rugby": [],
      "misc" : [{
          "date": "29",
          "time": "19:45 - 21:45",
          "desc": "Adele Live",
          "venue": "M.E.N. Arena"
        }],
      "music" : [{
        "date": "16",
        "time": "19:45 - 21:45",
        "desc": "Adele the World Tour",
        "venue": "M.E.N Arena",
        "extra": "Blah blah"
      }],
      "football": [
        {
          "date": "16",
          "time": "19:45 - 21:45",
          "desc": "Man Utd vs Liverpool",
          "venue": "Old Trafford",
          "extra": "Europa League"
        },
        {
          "date": "20",
          "time": "12:30 - 14:00",
          "desc": "West ham vs Chelsea",
          "venue": "Stamford Bridge",
          "extra": "Premiership"
        },
        {
          "date": "5",
          "time": "12:30 - 14:00",
          "desc": "West ham vs Chelsea",
          "venue": "Stamford Bridge",
          "extra": "Premiership"
        },
        {
          "date": "26",
          "time": "15:00 - 17:45",
          "desc": "Man Utd vs Liverpool",
          "venue": "Old Trafford",
          "extra": "Premiership"
        }
      ],
      "cricket": [{
        "date": "30",
        "time": "19:45 - 21:45",
        "desc": "Lancashire vs Yorkshire",
        "venue": "Old Trafford",
        "extra": "County League"
      }],
      "horse-racing": [{
        "date": "28",
        "time": "10:00 - 21:30",
        "desc": "Cheltenham Festival",
        "venue": "Cheltenham"

      }]
    }
  },
  {
    "month" : "May",
    "events": {
      "rugby": [],
      "misc" : [{
        "date": "22",
        "time": "16:30 - 23:30",
        "desc": "Culinary Experts",
        "venue": "Posh restaurant"
      }, {
        "date": "22",
        "time": "15:00 - 22:00",
        "desc": "Labour Conference",
        "venue": "GMEX"
      }, {
        "date": "22",
        "time": "19:45 - 21:45",
        "desc": "Art Show",
        "venue": "Lowry"
      }],
      "music" : [],
      "football": [
        {
          "date": "17",
          "time": "19:45 - 21:45",
          "desc": "Man Utd vs Liverpool",
          "venue": "Old Trafford",
          "extra": "Europa League"
        },
        {
          "date": "17",
          "time": "19:45 - 21:45",
          "desc": "Everton vs Leicester",
          "venue": "Goodison Park",
          "extra": "Premierleague"
        }
      ],
      "cricket": [{
        "date": "19",
        "time": "19:45 - 21:45",
        "desc": "Lancashire vs Yorkshire",
        "venue": "Old Trafford",
        "extra": "League One"
      },
        {
          "date": "23",
          "time": "19:45 - 21:45",
          "desc": "Lancashire vs Southport",
          "venue": "Some ground",
          "extra": "No one cares"
        }],
      "horse-racing": []
    }
  },
  {
    "month" : "June",
    "events": {
      "rugby": [],
      "misc" : [],
      "music" : [],
      "football": [
        {
          "date": "17",
          "time": "19:45 - 21:45",
          "desc": "Man Utd vs Liverpool",
          "venue": "Old Trafford",
          "extra": "Europa League"
        }
      ],
      "cricket": [],
      "horse-racing": []
    }
  },
  {
    "month" : "July",
    "events": {
      "rugby": [],
      "misc" : [],
      "football": [
        {
          "date": "17",
          "time": "19:45 - 21:45",
          "desc": "Man Utd vs Liverpool",
          "venue": "Old Trafford",
          "extra": "Europa League"
        }
      ],
      "cricket": [],
      "horse-racing": []
    }
  },
  {
    "month" : "August",
    "events": {
      "rugby": [],
      "misc" : [],
      "music" : [],
      "football": [
        {
          "date": "17",
          "time": "19:45 - 21:45",
          "desc": "Man Utd vs Liverpool",
          "venue": "Old Trafford",
          "extra": "Europa League"
        }
      ],
      "cricket": [],
      "horse-racing": []
    }
  },
  {
    "month" : "September",
    "events": {
      "rugby": [],
      "misc" : [],
      "music" : [],
      "football": [
        {
          "date": "17",
          "time": "19:45 - 21:45",
          "desc": "Man Utd vs Liverpool",
          "venue": "Old Trafford",
          "extra": "Europa League"
        }
      ],
      "cricket": [],
      "horse-racing": []
    }
  },
  {
    "month" : "October",
    "events": {
      "rugby": [],
      "misc" : [],
      "music" : [],
      "football": [
        {
          "date": "31",
          "time": "19:45 - 21:45",
          "desc": "Man Utd vs Liverpool",
          "venue": "Old Trafford",
          "extra": "Europa League"
        }
      ],
      "cricket": [],
      "horse-racing": []
    }
  },
  {
    "month" : "November",
    "events": {
      "rugby": [],
      "misc" : [],
      "music" : [],
      "football": [
        {
          "date": "31",
          "time": "19:45 - 21:45",
          "desc": "Man Utd vs Liverpool",
          "venue": "Old Trafford",
          "extra": "Europa League"
        }
      ],
      "cricket": [],
      "horse-racing": []
    }
  },
  {
    "month" : "December",
    "events": {
      "rugby": [],
      "misc" : [],
      "music" : [],
      "football": [
        {
          "date": "31",
          "time": "19:45 - 21:45",
          "desc": "Man Utd vs Liverpool",
          "venue": "Old Trafford",
          "extra": "Europa League"
        }
      ],
      "cricket": [],
      "horse-racing": []
    }
  }
]